{
  "performance_metrics": {
    "accuracy": 0.54375,
    "precision": 0.6666666666666666,
    "recall": 0.02702702702702703,
    "f1_score": 0.05194805194805195,
    "roc_auc": 0.8170961659333753
  },
  "dataset_info": {
    "total_samples": 799,
    "train_samples": 639,
    "test_samples": 160,
    "positive_ratio": 0.4618272841051314,
    "source": "C:\\Users\\kacha\\OneDrive\\Desktop\\HD2\\backend\\data\\raw\\misogyny_dataset.csv"
  },
  "confusion_matrix": [
    [
      85,
      1
    ],
    [
      72,
      2
    ]
  ],
  "timestamp": "2025-10-04T19:36:00"
}