{
  "train_losses": [
    0.6941811576485634,
    0.6910820141434669,
    0.6777183458209037
  ],
  "val_losses": [
    0.6915253639221192,
    0.6883318901062012,
    0.6590261876583099
  ],
  "val_accuracies": [
    0.5375,
    0.5375,
    0.54375
  ],
  "best_val_accuracy": 0.54375,
  "final_metrics": {
    "loss": 0.6590261876583099,
    "accuracy": 0.54375,
    "precision": 0.6666666666666666,
    "recall": 0.02702702702702703,
    "f1": 0.05194805194805195,
    "roc_auc": 0.8170961659333753,
    "confusion_matrix": [
      [
        85,
        1
      ],
      [
        72,
        2
      ]
    ]
  },
  "config": {
    "base_model": "roberta-base",
    "max_length": 256,
    "batch_size": 16,
    "learning_rate": 2e-05,
    "num_epochs": 3,
    "warmup_steps": 500,
    "weight_decay": 0.01,
    "threshold": 0.5
  }
}